state_area,state_fips,crc_incidence_rate,incidence_lower_ci,incidence_upper_ci,incidence_count,late_stage_crc_rate,late_stage_lower_ci,late_stage_upper_ci,late_stage_count,crc_mortality_rate,mortality_lower_ci,mortality_upper_ci,mortality_count,home_stool_test_pct,population_under_18_pct,population_18_39_pct,population_40_64_pct,population_40_plus_pct,population_50_plus_pct,population_65_plus_pct,median_household_income,median_family_income,persons_below_poverty_pct,families_below_poverty_pct,persons_below_150_poverty_pct,uninsured_under_19_pct,uninsured_21_64_pct,uninsured_under_65_pct,high_school_or_more_pct,bachelors_or_more_pct,less_than_9th_grade_pct
Alabama,1,40.20,39.50,40.90,12461,22.00,21.40,22.50,6774,14.49,14.06,14.92,4608,6.50,22.20,28.60,31.40,49.20,37.00,17.80,63999,83032,15.60,11.30,24.90,5.00,24.40,17.00,88.60,28.40,3.60
Alaska,2,41.10,38.90,43.40,1502,25.20,23.50,26.90,926,14.40,13.09,15.81,496,4.70,24.10,32.30,29.80,43.60,31.40,13.80,92788,112321,10.10,6.50,16.80,11.90,26.20,21.10,93.60,31.70,1.90
Arizona,4,32.00,31.50,32.50,14272,19.30,18.90,19.70,8549,12.35,12.02,12.68,5809,8.40,21.60,29.70,29.80,48.70,36.80,18.90,79964,95980,12.50,8.70,20.40,11.90,23.80,19.40,89.40,33.30,4.50
Arkansas,5,42.20,41.30,43.20,7778,25.70,25.00,26.50,4724,15.55,14.98,16.13,2958,8.30,23.10,28.70,30.60,48.20,36.00,17.60,60773,76968,16.00,11.50,26.70,8.30,20.60,15.90,88.70,25.70,4.30
California,6,34.20,33.90,34.40,75690,19.10,18.90,19.30,42243,11.96,11.81,12.10,27087,14.70,22.00,31.00,31.30,47.00,34.00,15.70,99122,113346,12.00,8.50,19.50,3.90,15.80,11.50,84.70,37.10,8.70
Colorado,8,31.20,30.60,31.90,9867,19.70,19.20,20.20,6232,11.37,11.00,11.76,3624,8.60,21.00,32.40,31.00,46.60,33.40,15.60,95470,119139,9.40,5.90,15.30,6.10,17.20,13.30,92.90,45.70,3.10
Connecticut,9,34.60,33.80,35.40,7904,19.30,18.70,19.90,4405,10.30,9.90,10.73,2515,5.80,20.20,28.30,33.00,51.50,39.30,18.50,95781,122706,10.00,6.90,15.70,4.90,16.10,12.10,91.50,42.50,4.00
Delaware,10,33.60,32.20,35.10,2183,20.40,19.30,21.60,1328,12.32,11.48,13.21,852,5.40,20.70,27.20,31.50,52.10,40.60,20.60,84954,105121,10.40,7.20,16.60,6.20,17.70,13.30,91.70,35.80,3.00
"District of Columbia",11,36.30,34.20,38.40,1191,19.20,17.70,20.80,632,13.46,12.22,14.79,445,10.90,18.70,40.80,27.80,40.50,27.50,12.80,109870,155025,15.40,11.90,20.30,2.70,6.40,5.10,92.70,64.20,3.00
Florida,12,36.10,35.80,36.40,54818,22.20,22.00,22.50,33263,12.02,11.85,12.20,19667,8.20,19.50,27.10,32.00,53.30,41.10,21.30,74568,89891,12.60,8.90,21.00,8.60,27.40,20.70,89.90,34.10,4.20
Georgia,13,39.90,39.40,40.40,23688,23.60,23.20,24.00,14057,13.71,13.41,14.02,8174,8.70,23.20,30.00,31.80,46.70,33.80,15.00,77353,93754,13.40,9.90,21.70,7.80,30.30,21.50,89.20,34.90,4.20
Hawaii,15,38.20,36.90,39.50,3573,21.90,21.00,23.00,2055,12.15,11.46,12.88,1238,12.10,20.70,28.10,30.80,51.20,38.90,20.50,100389,118909,10.00,6.80,15.80,3.30,8.40,6.70,93.20,36.10,3.00
Idaho,16,35.50,34.30,36.70,3738,22.10,21.20,23.10,2331,12.44,11.77,13.14,1345,6.20,24.10,29.40,29.50,46.50,34.20,17.00,77800,92668,10.60,7.10,19.00,8.00,20.60,15.80,91.90,31.80,3.20
Illinois,17,39.10,38.60,39.50,29726,24.10,23.70,24.40,18322,13.33,13.07,13.60,10429,5.90,21.80,29.50,31.70,48.70,36.00,17.00,83390,106018,11.80,8.20,18.60,4.60,16.50,12.20,90.50,37.80,4.60
Indiana,18,39.40,38.80,40.10,15740,24.90,24.40,25.40,9886,14.86,14.48,15.25,6071,7.00,23.30,29.20,30.80,47.50,35.40,16.80,71957,90767,12.30,8.50,20.40,7.10,15.70,12.30,90.40,29.50,3.60
Iowa,19,40.30,39.40,41.20,7860,23.30,22.60,24.00,4505,13.32,12.81,13.84,2761,5.10,22.90,28.80,30.10,48.30,36.40,18.10,75059,97491,11.10,7.00,18.40,4.90,13.90,10.60,93.30,31.40,2.70
Kansas,20,39.40,38.40,40.30,6709,24.40,23.60,25.20,4140,13.86,13.30,14.43,2458,6.30,23.80,29.80,29.50,46.50,34.70,17.00,74275,95810,11.30,7.50,18.90,7.60,23.50,17.50,92.00,35.60,3.50
Kentucky,21,46.50,45.60,47.30,12645,27.00,26.40,27.60,7328,16.48,15.99,16.97,4585,6.90,22.60,28.60,31.50,48.80,36.60,17.30,63726,81505,16.10,11.90,25.50,4.10,12.40,9.40,88.90,27.60,4.30
Louisiana,22,44.30,43.50,45.20,12046,25.60,24.90,26.20,6924,15.39,14.92,15.88,4251,6.80,23.50,29.20,30.60,47.30,35.10,16.70,60756,79407,18.90,14.10,28.70,5.20,16.00,11.80,87.30,27.00,4.50
Maine,23,35.70,34.40,37.00,3426,20.80,19.90,21.80,2000,12.53,11.83,13.27,1284,6.70,18.10,26.20,33.40,55.70,44.00,22.40,74733,96912,10.70,6.40,17.90,5.70,14.40,11.70,94.80,36.20,1.70
Maryland,24,35.10,34.50,35.70,12836,21.20,20.70,21.70,7755,12.49,12.13,12.85,4734,9.00,22.20,28.70,32.50,49.20,36.50,16.70,103678,127817,9.40,6.40,15.00,7.30,17.60,13.80,91.10,43.40,4.00
Massachusetts,25,31.30,30.80,31.90,13409,17.90,17.50,18.30,7664,10.08,9.78,10.39,4515,5.50,19.40,30.70,32.10,50.00,37.90,17.90,103960,131675,10.00,6.70,15.60,2.60,7.20,5.70,91.40,47.30,4.30
Michigan,26,35.60,35.10,36.10,22278,21.70,21.30,22.10,13547,13.47,13.18,13.77,8738,7.30,21.20,28.50,31.60,50.20,38.50,18.60,72875,93357,13.20,8.90,20.90,3.70,11.70,8.80,92.10,32.40,2.60
Minnesota,27,36.30,35.70,37.00,12215,20.80,20.30,21.30,6979,11.43,11.07,11.80,4021,6.50,22.90,28.80,31.10,48.40,36.10,17.30,89062,113993,9.30,5.60,15.40,5.30,12.00,9.60,93.90,39.40,2.70
Mississippi,28,46.00,45.00,47.10,8213,28.90,28.10,29.70,5127,17.72,17.10,18.36,3214,4.10,23.30,28.50,31.00,48.20,35.90,17.20,56447,73163,18.90,14.30,29.80,7.10,26.30,18.90,87.10,25.10,4.30
Missouri,29,40.20,39.50,40.80,15165,25.60,25.10,26.10,9622,14.12,13.74,14.51,5536,5.90,22.30,28.90,30.90,48.80,36.80,17.90,70702,91360,12.60,8.40,20.90,6.90,20.30,15.30,91.90,32.40,2.70
Montana,30,36.40,35.00,38.00,2555,22.80,21.70,24.10,1591,12.37,11.56,13.23,921,6.00,21.00,28.40,30.50,50.60,38.60,20.10,72509,92794,11.50,6.70,19.70,9.80,21.00,17.20,94.60,35.20,1.60
Nebraska,31,38.60,37.50,39.80,4349,22.50,21.60,23.40,2534,14.52,13.82,15.24,1705,5.10,24.50,29.20,29.50,46.30,34.20,16.70,76475,99751,10.60,7.00,18.00,5.60,17.70,13.10,92.20,34.60,3.80
Nevada,32,34.90,34.00,35.80,6399,19.80,19.20,20.50,3650,13.88,13.33,14.44,2581,9.40,21.70,29.50,31.80,48.80,35.80,17.00,78260,92663,12.40,8.90,21.00,10.00,25.40,19.60,87.50,27.90,5.50
"New Hampshire",33,34.60,33.30,35.90,3135,20.90,20.00,21.90,1909,10.86,10.19,11.56,1046,3.90,18.20,27.70,33.90,54.10,42.30,20.10,99031,122715,7.20,4.50,11.80,5.70,13.90,11.40,94.40,40.60,1.80
"New Jersey",34,38.30,37.80,38.90,21904,22.00,21.60,22.40,12594,11.73,11.45,12.01,6911,5.60,21.80,28.00,33.00,50.10,37.40,17.20,103556,127025,9.70,7.00,15.40,6.80,22.60,16.50,90.70,43.60,4.70
"New Mexico",35,33.20,32.20,34.20,4318,18.60,17.90,19.40,2423,12.25,11.65,12.87,1676,8.90,21.70,29.00,30.00,49.30,37.40,19.30,64059,79556,17.80,13.70,28.10,6.60,21.80,16.20,88.00,31.00,5.10
"New York",36,35.80,35.40,36.10,44142,20.30,20.00,20.60,25008,10.90,10.72,11.09,14035,6.50,20.50,29.80,31.80,49.70,37.60,17.90,85974,106873,14.00,10.00,21.30,3.50,11.60,8.70,88.00,40.20,6.00
"North Carolina",37,35.50,35.10,36.00,22198,22.50,22.10,22.90,14018,12.79,12.51,13.08,8225,4.60,21.80,29.30,31.70,48.90,36.40,17.20,72388,90290,13.00,9.20,21.60,7.50,25.70,18.60,90.10,35.70,3.90
"North Dakota",38,38.60,36.70,40.60,1687,23.70,22.20,25.20,1029,12.48,11.46,13.56,588,6.40,23.50,32.20,27.70,44.30,33.10,16.50,76657,104993,10.80,6.50,17.20,7.20,12.00,10.30,94.00,32.70,2.30
Ohio,39,38.40,38.00,38.90,28176,23.80,23.40,24.10,17378,13.74,13.48,14.02,10451,7.40,22.00,28.40,31.30,49.60,37.60,18.30,71389,92749,13.30,9.30,20.90,6.50,14.80,11.70,91.80,31.50,2.60
Oklahoma,40,40.60,39.70,41.40,9268,24.10,23.50,24.80,5481,16.43,15.90,16.97,3845,7.70,24.00,30.00,29.70,46.00,33.90,16.30,65039,82385,15.30,11.30,25.10,9.00,26.90,19.90,89.40,28.30,3.80
Oregon,41,32.20,31.50,33.00,8386,20.10,19.50,20.60,5194,12.15,11.73,12.58,3288,11.40,19.90,29.60,31.50,50.50,37.40,19.10,83011,102281,11.90,7.50,19.50,4.20,13.60,10.70,91.80,36.80,3.30
Pennsylvania,42,37.10,36.60,37.50,31534,23.40,23.00,23.70,19790,12.99,12.75,13.23,11637,7.50,20.40,28.40,31.70,51.20,39.40,19.50,77971,100262,11.70,8.00,18.80,7.00,13.20,10.90,92.10,35.20,2.90
"Puerto Rico",72,36.70,35.90,37.50,8650,18.20,17.70,18.80,4273,0.00,0.00,0.00,0,43.70,16.10,27.90,32.50,55.90,43.50,23.40,26297,32277,40.50,37.20,57.30,0.00,0.00,0.00,81.20,29.80,11.80
"Rhode Island",44,32.00,30.70,33.40,2227,20.10,19.00,21.30,1383,10.84,10.09,11.64,809,5.60,18.80,30.40,32.00,50.70,38.90,18.70,87796,112375,11.20,7.20,17.40,4.90,11.80,9.50,89.70,37.70,4.80
"South Carolina",45,35.90,35.30,36.60,11591,22.80,22.30,23.30,7297,13.69,13.28,14.11,4570,5.70,21.40,28.30,31.40,50.30,38.30,18.90,69324,86707,14.10,10.10,22.60,7.80,24.40,18.10,90.10,32.10,3.10
"South Dakota",46,39.50,37.80,41.30,2094,25.30,23.90,26.80,1338,13.68,12.70,14.71,779,4.50,24.20,28.50,29.30,47.30,36.00,18.00,75081,96562,11.90,7.50,19.30,10.70,24.00,18.70,93.20,31.90,2.60
Tennessee,47,38.80,38.10,39.40,16072,24.30,23.80,24.80,10066,15.16,14.78,15.54,6401,0.00,22.20,29.30,31.50,48.60,36.30,17.10,69595,87314,13.80,9.80,22.50,7.60,24.70,18.00,90.00,31.10,3.70
Texas,48,38.30,38.00,38.60,57383,23.30,23.00,23.50,34975,13.93,13.74,14.13,20922,9.50,25.00,31.30,30.30,43.70,30.50,13.40,78476,94599,13.80,10.50,22.60,14.60,40.80,29.70,86.00,33.80,7.30
Utah,49,29.70,28.80,30.60,4292,17.90,17.20,18.60,2586,11.05,10.50,11.62,1584,4.10,27.80,33.40,26.90,38.80,26.10,11.90,95166,109675,8.50,5.60,14.90,11.10,20.40,16.60,93.40,37.70,2.70
Vermont,50,32.00,30.20,33.80,1379,17.90,16.60,19.30,777,12.86,11.81,14.00,588,5.10,17.90,28.20,32.40,53.80,42.30,21.40,81203,105211,10.10,5.80,16.40,2.60,9.40,7.40,94.90,43.80,1.60
Virginia,51,33.80,33.30,34.30,17084,20.40,20.00,20.80,10308,13.11,12.79,13.43,6800,7.60,21.70,29.70,31.90,48.60,35.90,16.70,93170,115213,9.90,6.80,16.10,6.50,16.70,13.00,91.60,42.20,3.60
Washington,53,34.00,33.40,34.50,14838,21.00,20.60,21.50,9178,12.08,11.75,12.41,5420,11.30,21.40,31.10,30.90,47.50,34.70,16.60,98141,118075,9.90,6.40,15.80,5.50,16.50,12.70,92.30,39.60,3.40
"West Virginia",54,44.40,43.20,45.60,5504,27.50,26.50,28.40,3383,16.56,15.84,17.30,2123,7.30,20.00,26.50,32.40,53.50,41.20,21.00,59608,77710,16.70,12.00,26.20,3.60,14.70,11.20,89.30,24.10,3.20
Wisconsin,55,34.90,34.30,35.60,12653,21.70,21.20,22.20,7818,11.64,11.29,12.00,4403,5.70,21.40,28.30,31.80,50.30,38.40,18.50,77485,100141,10.60,6.60,17.20,6.90,13.50,11.10,93.60,33.40,2.30
Wyoming,56,36.10,34.00,38.20,1259,22.80,21.20,24.50,794,14.49,13.23,15.84,517,4.00,22.50,28.60,30.30,48.80,36.70,18.50,76176,96997,10.50,6.80,18.00,10.20,29.30,22.40,94.20,30.60,1.90
